ssn,first,last
152711856,Cameron,Meziere
233930784,Helena,Guerrero
871556606,Mikaela,Tomlinson
383038579,Fionnuala,Mejia
446381146,Tomas,Stanton
854372619,Denise,Gutierrez
983883869,Shyam,Ortega
548801478,Jessica,Kearns
701861381,Ellouise,Drake
547116189,Torin,Wong
278797611,Dainton,McCullough
676933726,Jessica,Lacey
761813891,Denise,Olson
453105616,Mikaela,Jackson
614372251,Helena,Adkins
108157078,Jessica,
111060303,Amie,Partridge
679611398,Rebekah,Frye
514523633,Jessica,Gates
927113963,Vera,Calderon
481451504,Helena,Rojas
690662084,Devan,Jensen
934583371,Ray,Clark
508554790,Sophie,Farrow