ssn,website,username,password
108157078,benefits.gov,jess108,password1
111060303,benefits.gov,amiepart4,amie1234
278797611,irs.gov,daintonmac,password1
446381146,state.gov,tomass,hookemhorns
453105616,benefits.gov,mikajack,godons18
453105616,irs.gov,mikajack,godons18
514523633,benefits.gov,jessgates,gatesfam
547116189,irs.gov,twong34,twong34
548801478,irs.gov,jessicak,psswrd10
548801478,state.gov,jessicak,psswrd10
614372251,benefits.gov,hadkins90,helena90
614372251,irs.gov,hadkins90,helena90
676933726,benefits.gov,jlacey,yecalj
676933726,irs.gov,jlacey,yecalj
676933726,state.gov,jlacey,yecalj
679611398,benefits.gov,rebafrye,abc123
701861381,irs.gov,elliedrake,qwerty
701861381,state.gov,elliedrake,qwerty
761813891,benefits.gov,denise84,abc123
761813891,irs.gov,denise84,abc123
761813891,state.gov,denise84,abc123
854372619,state.gov,dgutierrez,qwertyuiop
983883869,irs.gov,sortega89,iloveyou
983883869,state.gov,sortega89,iloveyou